id,content,my_topic,llm_topic,human_set,llm_set,jaccard,human_tag_coverage
ADR_001,# 7. Use Unity for dependency injection  Date: 2018-09-17  ## Status  Accepted  Extends [6. use depe,technology_choice,"technology_choice, architecture_patterns",{'technology_choice'},"{'architecture_patterns', 'technology_choice'}",0.5,1.0
ADR_002,# Notifications  ## Context  superwerker creates an OpsItem in Systems Manager OpsCenter for each em,technology_choice,"observability, technology_choice",{'technology_choice'},"{'observability', 'technology_choice'}",0.5,1.0
ADR_003,# 3. Install citerus as a git submodule  Date: 03/06/2018  ## Status  Accepted  ## Context  I can't ,governance_and_process,"governance_and_process, infrastructure_and_deployment",{'governance_and_process'},"{'governance_and_process', 'infrastructure_and_deployment'}",0.5,1.0
ADR_004,# Public API Generation  ## Status  accepted  ## Context  For a typescript library it is common to u,governance_and_process,"api_and_contracts, governance_and_process",{'governance_and_process'},"{'governance_and_process', 'api_and_contracts'}",0.5,1.0
ADR_005,# 30. 容量评估 - 存储  Date: 2017-05-25  ## Status  Accepted  ## Context  1. 一些需要高 IOPS 的服务，磁盘使用的是普通云盘，如，数,data_persistence,"data_persistence, performance_and_scalability",{'data_persistence'},"{'performance_and_scalability', 'data_persistence'}",0.5,1.0
ADR_006,# 1. Record architecture decisions  Date: 2019-09-25  ## Status  Accepted  ## Context  We need to re,governance_and_process,governance_and_process,{'governance_and_process'},{'governance_and_process'},1.0,1.0
ADR_007,# ADR-23 Tasks as classifier plugins  ## Context We'd like the new classifier to be easily extensibl,"architectural_patterns, governance_and_process","architecture_patterns, microservices_and_modularity","{'architectural_patterns', 'governance_and_process'}","{'architecture_patterns', 'microservices_and_modularity'}",0.0,0.0
ADR_008,# 13. Precompute JMAP Email preview  Date: 2019-10-09  ## Status  Accepted  ## Context  JMAP message,performance_and_scalability,"performance_and_scalability, data_persistence",{'performance_and_scalability'},"{'performance_and_scalability', 'data_persistence'}",0.5,1.0
ADR_009,--- title: ADR039 - Aiven metrics for users ---  # ADR039: Aiven metrics for users  ## Context  We o,"technology_choice, observability","observability, infrastructure_and_deployment","{'observability', 'technology_choice'}","{'observability', 'infrastructure_and_deployment'}",0.33,0.5
ADR_010,# 3. Coding Style and Enforcement  Date: 21/10/2019  ## Status  Proposed  ## Context  This codebase ,"governance_and_process, technology_choice",governance_and_process,"{'governance_and_process', 'technology_choice'}",{'governance_and_process'},0.5,0.5
ADR_011,# 2. Implement as Unix shell scripts  Date: 2018-09-13  ## Status  Superceded by [3. Remove Unix Scr,others,technology_choice,{'others'},{'technology_choice'},0.0,0.0
ADR_012,# 4. Using React Context  Date: 2019-07-01  ## Status  Accepted  ## Context  There was a lot of prop,technology_choice,architecture_patterns,{'technology_choice'},{'architecture_patterns'},0.0,0.0
ADR_013,# 12. Deploying alertmanager to the new platform  Date: 2018-11-06  ## Status  Accepted  ## Context ,"infrastructure_and_deployment, observability","infrastructure_and_deployment, governance_and_process","{'observability', 'infrastructure_and_deployment'}","{'governance_and_process', 'infrastructure_and_deployment'}",0.33,0.5
ADR_014,# ADR 046: Module Params  ## Changelog  * Sep 22 2021: Initial Draft  ## Status  Proposed  ## Abstr,governance_and_process,"data_persistence, api_and_contracts, performance_and_scalability, governance_and_process",{'governance_and_process'},"{'governance_and_process', 'performance_and_scalability', 'data_persistence', 'api_and_contracts'}",0.25,1.0
ADR_015,# ADR 000000: Entusiasme Application Development  ### **Prologue/Summary**  In the context of softwa,technology_choice,technology_choice,{'technology_choice'},{'technology_choice'},1.0,1.0
ADR_016,# 3. Integrate with google drive  Date: 2018-02-26  ## Status  Accepted  ## Context  - We're using [,technology_choice,"observability, technology_choice",{'technology_choice'},"{'observability', 'technology_choice'}",0.5,1.0
ADR_017,# 8. Config and environment variables  Date: 2021-03-15  ## Status  Accepted  ## Context  We feel th,governance_and_process,"governance_and_process, infrastructure_and_deployment",{'governance_and_process'},"{'governance_and_process', 'infrastructure_and_deployment'}",0.5,1.0
ADR_018,# ADR 2: Robot Pattern in UI Tests ## Context UI tests are notoriously difficult to maintain. A few ,"testing_strategy, architectural_patterns","testing_strategy, architecture_patterns","{'testing_strategy', 'architectural_patterns'}","{'testing_strategy', 'architecture_patterns'}",0.33,0.5
ADR_019,# Decision Record: Resolve consistency and uniqueness in content  ## Context  Publishing API has ado,data_persistence,"data_persistence, architecture_patterns, performance_and_scalability",{'data_persistence'},"{'performance_and_scalability', 'architecture_patterns', 'data_persistence'}",0.33,1.0
ADR_020,# ADR 008: Decentralized Computer Emergency Response Team (dCERT) Group  ## Changelog  * 2019 Jul 31,others,"governance_and_process, security",{'others'},"{'governance_and_process', 'security'}",0.0,0.0
ADR_021,# 10. Use travis ci for continuous integration  Date: 2019-10-20  ## Status  Accepted  ## Context  W,"infrastructure_and_deployment, technology_choice","infrastructure_and_deployment, technology_choice","{'technology_choice', 'infrastructure_and_deployment'}","{'technology_choice', 'infrastructure_and_deployment'}",1.0,1.0
ADR_022,# 9. Utilize browser caching  Date: 2017-05-24  ## Status  Accepted  ## Context  We needed to make s,data_persistence,"performance_and_scalability, api_and_contracts",{'data_persistence'},"{'performance_and_scalability', 'api_and_contracts'}",0.0,0.0
ADR_023,## ADR 003: Browser-based submission of survey form responses  ## Context  In certain cases organisa,api_and_contracts,"microservices_and_modularity, api_and_contracts, architecture_patterns",{'api_and_contracts'},"{'microservices_and_modularity', 'api_and_contracts', 'architecture_patterns'}",0.33,1.0
ADR_024,--- title: ADR006 - RDS broker ---  # ADR006: RDS broker  ## Context  We need to provide tenants wit,"technology_choice, data_persistence","data_persistence, technology_choice","{'data_persistence', 'technology_choice'}","{'data_persistence', 'technology_choice'}",1.0,1.0
ADR_025,# 7. payment_for_3Bot_deployer  Date: 2020-09-15  ## Status  Accepted  ## Context  The deployment of,technology_choice,"infrastructure_and_deployment, governance_and_process",{'technology_choice'},"{'governance_and_process', 'infrastructure_and_deployment'}",0.0,0.0
ADR_026,### Context This is the beginning on the project and for the moment all the commit are done on the m,"governance_and_process, technology_choice",governance_and_process,"{'governance_and_process', 'technology_choice'}",{'governance_and_process'},0.5,0.5
ADR_027,# 1. about-cursors  Date: 2019-07-08  ## Status  2019-07-08 proposed  ## Context  In the grid in cel,others,"architecture_patterns, api_and_contracts",{'others'},"{'architecture_patterns', 'api_and_contracts'}",0.0,0.0
ADR_028,# 1. Record architecture decisions  Date: 2019-11-04  ## Status  Accepted  ## Context  We need to re,governance_and_process,governance_and_process,{'governance_and_process'},{'governance_and_process'},1.0,1.0
ADR_029,# ADR 007: ETL to populate Content Items' dimension.  26-01-2018  ## Context  As [per this Trello ca,governance_and_process,"data_persistence, architecture_patterns",{'governance_and_process'},"{'architecture_patterns', 'data_persistence'}",0.0,0.0
ADR_030,# 3. Use Spring framework  Date: 20-July-2017  ## Status  Accepted  ## Context  We need to build the,technology_choice,technology_choice,{'technology_choice'},{'technology_choice'},1.0,1.0
ADR_031,# Broadcast Messages  ## Context and Problem Statement  Heroes can kill nearby enemies on a certain ,others,"architecture_patterns, technology_choice",{'others'},"{'architecture_patterns', 'technology_choice'}",0.0,0.0
ADR_032,# Use NX  - Status: accepted - Deciders: devs - Date: 03.05.2020  ## Context and Problem Statement  ,technology_choice,"governance_and_process, infrastructure_and_deployment, technology_choice",{'technology_choice'},"{'governance_and_process', 'technology_choice', 'infrastructure_and_deployment'}",0.33,1.0
ADR_033,# 3. Spring Framework  Date: 2018-08-02  ## Status  Accepted  ## Context  Programming frameworks can,technology_choice,technology_choice,{'technology_choice'},{'technology_choice'},1.0,1.0
ADR_034,# ADR 008: Focus on english content in the first iterations.  28-01-2018  ## Context  Some Content I,others,governance_and_process,{'others'},{'governance_and_process'},0.0,0.0
ADR_035,# 5. Record architecture decisions  Date: 2020-10-21  ## Context  While we have already recorded arc,governance_and_process,governance_and_process,{'governance_and_process'},{'governance_and_process'},1.0,1.0
ADR_036,# 1. Documenting architecture decisions  Date: 2018-02-11  ## Status  Accepted  ## Context  Record c,governance_and_process,governance_and_process,{'governance_and_process'},{'governance_and_process'},1.0,1.0
ADR_037,# 12. Use feature flags for in-progress features  Date: 2021-09-13  ## Status  Accepted  ## Context ,governance_and_process,"infrastructure_and_deployment, governance_and_process",{'governance_and_process'},"{'governance_and_process', 'infrastructure_and_deployment'}",0.5,1.0
ADR_038,# 2. Make TaskManager Distributed  Date: 2019-10-02  ## Status  Accepted (lazy consensus)  ## Contex,"technology_choice, microservices_and_modularity","microservices_and_modularity, architecture_patterns","{'microservices_and_modularity', 'technology_choice'}","{'microservices_and_modularity', 'architecture_patterns'}",0.33,0.5
ADR_039,# 5. Publish the library on npm  Date: 2018-12-21  ## Status  Accepted  ## Context  Need to find a w,technology_choice,"infrastructure_and_deployment, governance_and_process",{'technology_choice'},"{'governance_and_process', 'infrastructure_and_deployment'}",0.0,0.0
ADR_040,# Provide all packages  ## Context and Problem Statement  Should the Docker image include all packag,others,"infrastructure_and_deployment, performance_and_scalability",{'others'},"{'performance_and_scalability', 'infrastructure_and_deployment'}",0.0,0.0
ADR_041,# 12. Create a generic relationship framework to link between mother and child  Date: 2018-05-28  ##,others,"data_persistence, architecture_patterns",{'others'},"{'architecture_patterns', 'data_persistence'}",0.0,0.0
ADR_042,# Link System - Start Date: 2021/10/21 - RFC PR: https://github.com/openmrs/openmrs-rfc-frontend/pul,others,"architecture_patterns, api_and_contracts",{'others'},"{'architecture_patterns', 'api_and_contracts'}",0.0,0.0
ADR_043,# ADR 1: Multitenancy We propose to add features OK Log to make it suitable for multi-tenant environm,microservices_and_modularity,"architecture_patterns, data_persistence",{'microservices_and_modularity'},"{'architecture_patterns', 'data_persistence'}",0.0,0.0
ADR_044,# Emotion  ## Context  Using a CSS-in-JS library will allow us to scope styles to a component. Popul,technology_choice,technology_choice,{'technology_choice'},{'technology_choice'},1.0,1.0
ADR_045,# 10. feat-ci-cd-with-circleci  # 8. feat-about-cicd  Date: 2020-02-20  ## Status  Draft  ## Context,"infrastructure_and_deployment, technology_choice","infrastructure_and_deployment, technology_choice","{'technology_choice', 'infrastructure_and_deployment'}","{'technology_choice', 'infrastructure_and_deployment'}",1.0,1.0
ADR_046,# Fonts  ## Decision  Prefer system fonts otherwise use variable fonts.  ```css @font-face {  font,others,performance_and_scalability,{'others'},{'performance_and_scalability'},0.0,0.0
ADR_047,# Determine How to Display All Facilities on the Map  ## Context  The Open Apparel Registry currentl,api_and_contracts,"performance_and_scalability, architecture_patterns, technology_choice",{'api_and_contracts'},"{'performance_and_scalability', 'technology_choice', 'architecture_patterns'}",0.0,0.0
ADR_048,# Testing library  ## Context  * We want to write programmer tests to support a TDD workflow. * We w,"testing_strategy, technology_choice","technology_choice, testing_strategy","{'testing_strategy', 'technology_choice'}","{'testing_strategy', 'technology_choice'}",1.0,1.0
ADR_049,# 2. Use Amazon Aurora Serverless for ephemeral environments  Date: 2020-02-14  ## Status  Accepted ,"data_persistence, technology_choice","data_persistence, infrastructure_and_deployment, performance_and_scalability","{'data_persistence', 'technology_choice'}","{'performance_and_scalability', 'data_persistence', 'infrastructure_and_deployment'}",0.25,0.5
ADR_050,--- sidebar_position: 5 --- # Workflowitem-ordering  Date: 04/05/2018  ## Status  Draft  ## Context ,others,"data_persistence, architecture_patterns",{'others'},"{'architecture_patterns', 'data_persistence'}",0.0,0.0
ADR_051,# 9. Use JPA  Date: 2017-12-27  ## Status  Accepted  Amends [8. Database](0008-database.md)  ## Cont,"technology_choice, data_persistence","data_persistence, technology_choice","{'data_persistence', 'technology_choice'}","{'data_persistence', 'technology_choice'}",1.0,1.0
ADR_052,# ADR 001: Storage Consolidation  ## Changelog * 10-12-2019: Initial Draft * 11-12-2019: Extra comme,"data_persistence, microservices_and_modularity","data_persistence, microservices_and_modularity, security","{'microservices_and_modularity', 'data_persistence'}","{'microservices_and_modularity', 'data_persistence', 'security'}",0.6666666666666666,1.0
ADR_053,# 3. we test via visual screenshots  date: 2018-01-25  ## status  accepted  ## context  how to test ,testing_strategy,testing_strategy,{'testing_strategy'},{'testing_strategy'},1.0,1.0
ADR_054,# 1. Use Terraform across multiple AWS accounts  **Date:** 2020-02-20  The actual decision was made ,"technology_choice, infrastructure_and_deployment","infrastructure_and_deployment, security, governance_and_process","{'technology_choice', 'infrastructure_and_deployment'}","{'governance_and_process', 'security', 'infrastructure_and_deployment'}",0.25,0.5
ADR_055,# 3. Stop recording architecture decisions  Date: 2021-01-16  ## Status  Accepted  Supercedes [1. Re,governance_and_process,governance_and_process,{'governance_and_process'},{'governance_and_process'},1.0,1.0
ADR_056,"--- layout: page status: accepted adr: ""0000"" title: Use Markdown Architectural Decision Records dec",governance_and_process,governance_and_process,{'governance_and_process'},{'governance_and_process'},1.0,1.0
ADR_057,# 5. use-brakeman-for-security-analysis  Date: 2020-04-03  ## Status  Accepted  ## Context  We need ,"security, technology_choice","security, testing_strategy","{'technology_choice', 'security'}","{'testing_strategy', 'security'}",0.33,0.5
ADR_058,# Isolating payment content with third-party widgets from general account management  * Deciders: Be,api_and_contracts,"security, microservices_and_modularity, infrastructure_and_deployment",{'api_and_contracts'},"{'microservices_and_modularity', 'infrastructure_and_deployment', 'security'}",0.0,0.0
ADR_059,# 17. Implement Architecture Tests  Date: 2019-11-16  ## Status  Accepted  ## Context  In some cases,"testing_strategy, technology_choice","testing_strategy, governance_and_process","{'testing_strategy', 'technology_choice'}","{'testing_strategy', 'governance_and_process'}",0.33,0.5
ADR_060,# Tool for CI/CD  ## Issue  We would like to have a tool for allowing our ci/cd process.  ## Decisi,"infrastructure_and_deployment, technology_choice","infrastructure_and_deployment, technology_choice","{'technology_choice', 'infrastructure_and_deployment'}","{'technology_choice', 'infrastructure_and_deployment'}",1.0,1.0
ADR_061,# 43. Avoid ElasticSearch on critical reads  Date: 2020-11-11  ## Status  Accepted (lazy consensus) ,data_persistence,"data_persistence, architecture_patterns, performance_and_scalability",{'data_persistence'},"{'performance_and_scalability', 'architecture_patterns', 'data_persistence'}",0.33,1.0
ADR_062,# 21. Messages are in JSON format  Date: 2020-09-21  ## Status  Accepted  Implements [16. Pub/Sub im,api_and_contracts,"api_and_contracts, technology_choice",{'api_and_contracts'},"{'api_and_contracts', 'technology_choice'}",0.5,1.0
ADR_063,# 3. Test Distributed Files Only  Date: 2021-02-08  ## Status  Accepted  Relates [2. Use Google Clos,testing_strategy,testing_strategy,{'testing_strategy'},{'testing_strategy'},1.0,1.0
ADR_064,# 10. JPA manages schema  Date: 2017-12-27  ## Status  Accepted  Amends [8. Database](0008-database.,data_persistence,"data_persistence, governance_and_process",{'data_persistence'},"{'governance_and_process', 'data_persistence'}",0.5,1.0
ADR_065,# 2. repo naming conventions  Date: 2021-02-01  ## Status  Accepted  ## Context  We feel the need to,governance_and_process,governance_and_process,{'governance_and_process'},{'governance_and_process'},1.0,1.0
ADR_066,# 31. Distributed Mail Queue  Date: 2020-04-13  ## Status  Accepted (lazy consensus)  ## Context  Ma,"technology_choice, data_persistence, microservices_and_modularity","data_persistence, architecture_patterns, performance_and_scalability","{'microservices_and_modularity', 'data_persistence', 'technology_choice'}","{'performance_and_scalability', 'architecture_patterns', 'data_persistence'}",0.2,0.33
ADR_067,# Do not base on any tex image  ## Context and Problem Statement  The Docker image can be made from ,governance_and_process,"infrastructure_and_deployment, technology_choice",{'governance_and_process'},"{'technology_choice', 'infrastructure_and_deployment'}",0.0,0.0
ADR_068,# Track attribute changes through time for basepaths  21-09-2018  ## Context:  The Data Warehouse tr,others,"data_persistence, architecture_patterns",{'others'},"{'architecture_patterns', 'data_persistence'}",0.0,0.0
ADR_069,# No support for local git source clones  A user wants to edit source files locally in his favourite,others,"governance_and_process, architecture_patterns",{'others'},"{'governance_and_process', 'architecture_patterns'}",0.0,0.0
ADR_070,# 8. Use styled-jsx  Date: 2019-10-10  ## Status  Accepted  ## Context  We want to be able to style ,technology_choice,"technology_choice, architecture_patterns",{'technology_choice'},"{'architecture_patterns', 'technology_choice'}",0.5,1.0
ADR_071,# Add contact HMRC and Welsh information links to standard footer  * Status: accepted * Date: 2020-1,others,"governance_and_process, architecture_patterns",{'others'},"{'governance_and_process', 'architecture_patterns'}",0.0,0.0
ADR_072,"# 17. Preservation Strategy  Date: 2019-10-11  ## Status  Accepted  ## Context  Having a ""preservati",others,"data_persistence, infrastructure_and_deployment, observability",{'others'},"{'observability', 'data_persistence', 'infrastructure_and_deployment'}",0.0,0.0
ADR_073,# Miscellaneous small decisions  * Status: accepted * Date: 2020-04-14  ## Context and Problem State,others,"data_persistence, performance_and_scalability, observability",{'others'},"{'observability', 'performance_and_scalability', 'data_persistence'}",0.0,0.0
ADR_074,# 1. Use ImmutableJS for immutability  Date: 15/06/2016  ## Status  Accepted  ## Context  The cost o,technology_choice,"performance_and_scalability, technology_choice",{'technology_choice'},"{'performance_and_scalability', 'technology_choice'}",0.5,1.0
ADR_075,# Use NX  - Status: accepted - Deciders: devs - Date: 03.05.2020  ## Context and Problem Statement  ,"technology_choice, infrastructure_and_deployment","governance_and_process, infrastructure_and_deployment, technology_choice","{'technology_choice', 'infrastructure_and_deployment'}","{'governance_and_process', 'technology_choice', 'infrastructure_and_deployment'}",0.6666666666666666,1.0
ADR_076,# Datepicker component  | Status  | proposed  | | --- | -- | | **Proposed**  | 25/11/2019  | | **A,technology_choice,"technology_choice, governance_and_process",{'technology_choice'},"{'governance_and_process', 'technology_choice'}",0.5,1.0
ADR_077,# 2. Implement in Go  Date: 2016-03-02  ## Status  Accepted  ## Context  Edward will be provided as ,technology_choice,technology_choice,{'technology_choice'},{'technology_choice'},1.0,1.0
ADR_078,# 0000 - Architecture Documentation  ## Context We need a way to document major architecture decisio,governance_and_process,governance_and_process,{'governance_and_process'},{'governance_and_process'},1.0,1.0
ADR_079,# ADR024: Soft Multi-tenancy  ## Status  Accepted  ## Context  One Programme has many Service Teams.,microservices_and_modularity,"infrastructure_and_deployment, architecture_patterns",{'microservices_and_modularity'},"{'architecture_patterns', 'infrastructure_and_deployment'}",0.0,0.0
ADR_080,# 2. Use ES2016 Modules  Date: 2017-12-01  ## Status  Accepted  ## Context  ES2016 introduced native,technology_choice,"microservices_and_modularity, technology_choice",{'technology_choice'},"{'microservices_and_modularity', 'technology_choice'}",0.5,1.0
ADR_081,# 10. use lihaoyi's autowire  Date: 31/06/2016  ## Status  Accepted  ## Context  We've got a Single ,technology_choice,"api_and_contracts, technology_choice",{'technology_choice'},"{'api_and_contracts', 'technology_choice'}",0.5,1.0
ADR_082,# 9. Develop admin tool as SPA  Date: 2021-01-11  ## Status  Accepted  ## Context  As part of the fu,architectural_patterns,"architecture_patterns, technology_choice, api_and_contracts",{'architectural_patterns'},"{'architecture_patterns', 'api_and_contracts', 'technology_choice'}",0.0,0.0
ADR_083,# 6. SVN 迁移至 Git  Date: 06/04/2017  ## Status  Accepted  ## Context  当前我们用的是 SVN 做代码、产品文档、UI 设计图的管理，,technology_choice,"governance_and_process, technology_choice",{'technology_choice'},"{'governance_and_process', 'technology_choice'}",0.5,1.0
ADR_084,# 16. ingest-pipeline-spec  Date: 2019-09-17  ## Status  Accepted  ## Context  Per [issue #1104](htt,others,"architecture_patterns, governance_and_process",{'others'},"{'governance_and_process', 'architecture_patterns'}",0.0,0.0
ADR_085,# 3. use-dotenv-for-managing-environment-variables  Date: 2019-09-19  ## Status  Accepted  ## Contex,technology_choice,"technology_choice, testing_strategy, governance_and_process",{'technology_choice'},"{'testing_strategy', 'governance_and_process', 'technology_choice'}",0.33,1.0
ADR_086,--- sidebar_position: 1 ---  # Record architecture decisions  Date: 03/04/2018  ## Status  Accepted ,governance_and_process,governance_and_process,{'governance_and_process'},{'governance_and_process'},1.0,1.0
ADR_087,# 2. Matching Adyen Notification with commercetools payment.  Date: 2020-12-18  ## Status  [Deprecat,others,"data_persistence, performance_and_scalability, security",{'others'},"{'performance_and_scalability', 'data_persistence', 'security'}",0.0,0.0
ADR_088,# 3. write help file  Date: 2018-09-17  ## Status  Superceded by [4. Generate Help file](0004-genera,others,others,{'others'},{'others'},1.0,1.0
ADR_089,# Which API Spec to use  Going to try an use some kind of spec standard to define and generate the a,technology_choice,"api_and_contracts, technology_choice",{'technology_choice'},"{'api_and_contracts', 'technology_choice'}",0.5,1.0
ADR_090,# Issue Paths  ## Status: ?  ## Context  The editions lambda needs to be able to identify specific v,infrastructure_and_deployment,"infrastructure_and_deployment, api_and_contracts",{'infrastructure_and_deployment'},"{'api_and_contracts', 'infrastructure_and_deployment'}",0.5,1.0
ADR_091,Do not use a callback in the public API ===  Context ---  In 0001 it was decided to use a callback t,api_and_contracts,"api_and_contracts, architecture_patterns",{'api_and_contracts'},"{'architecture_patterns', 'api_and_contracts'}",0.5,1.0
ADR_092,# 2. Store pixel art in Github repository  Date: 2020-11-06  ## Status  Accepted  ## Context  I've r,technology_choice,"data_persistence, technology_choice",{'technology_choice'},"{'data_persistence', 'technology_choice'}",0.5,1.0
ADR_093,# 54. Coding guidelines  Date: 2020-09-21  ## Status  Accepted  Implements [4. Create software defin,governance_and_process,governance_and_process,{'governance_and_process'},{'governance_and_process'},1.0,1.0
ADR_094,# 9. Use Cloud Init to build Prometheus Server  Date: 2018-08-15  ## Status  Accepted  ## Context  T,"technology_choice, infrastructure_and_deployment",infrastructure_and_deployment,"{'technology_choice', 'infrastructure_and_deployment'}",{'infrastructure_and_deployment'},0.5,0.5
ADR_095,# 1. Record architecture decisions  Date: 15/05/2017  ## Status  Accepted  ## Context  We need to re,governance_and_process,governance_and_process,{'governance_and_process'},{'governance_and_process'},1.0,1.0
ADR_096,# Use Prettier-ESLint Airbnb for the code style  - Status: accepted - Date: 2020-09-25  ## Context a,technology_choice,governance_and_process,{'technology_choice'},{'governance_and_process'},0.0,0.0
ADR_097,# Process for creating parallel development streams  * Status: Rejected  <!-- optional -->  ## Cont,governance_and_process,governance_and_process,{'governance_and_process'},{'governance_and_process'},1.0,1.0
ADR_098,# ADR 1: Create Hybrid Tech Radar  ## Context  Technical material is not unified across the differen,others,governance_and_process,{'others'},{'governance_and_process'},0.0,0.0
ADR_099,# Fork and extend Create React App  ## April 13 2019  ### Context  It would be nice to have `babel-p,others,"technology_choice, governance_and_process",{'others'},"{'governance_and_process', 'technology_choice'}",0.0,0.0
ADR_100,# Email provider  Status: Final  Date: 2020-05-19  Author: Filipe Pinheiro <filipe@yld.io>  Reviewed,technology_choice,technology_choice,{'technology_choice'},{'technology_choice'},1.0,1.0
ADR_101,# 10. Use aws amplify and coginito for login and the Identity Provider  Date: 2019-03-02  ## Status ,technology_choice,"security, technology_choice",{'technology_choice'},"{'technology_choice', 'security'}",0.5,1.0
ADR_102,# 3. Use Bitrise for CI  Date: 2019-06-04  ## Status  Accepted  ## Context  We need an easy way to i,"technology_choice, infrastructure_and_deployment",infrastructure_and_deployment,"{'technology_choice', 'infrastructure_and_deployment'}",{'infrastructure_and_deployment'},0.5,0.5
ADR_103,# 2. Use NextJS  Date: 2020-09-03  ## Status  Superceded by [14. Migrate to SvelteKit](0014-migrate-,technology_choice,"technology_choice, architecture_patterns",{'technology_choice'},"{'architecture_patterns', 'technology_choice'}",0.5,1.0
ADR_104,# Primary purpose of the reference implementation  * Status: accepted * Date: 2021-08-25  ## Context,governance_and_process,"api_and_contracts, governance_and_process",{'governance_and_process'},"{'governance_and_process', 'api_and_contracts'}",0.5,1.0
ADR_105,# 7. Image Loading with Glide  Date: 2019-12-17  ## Status  Accepted  ## Context  In the android lin,technology_choice,"technology_choice, performance_and_scalability",{'technology_choice'},"{'performance_and_scalability', 'technology_choice'}",0.5,1.0
ADR_106,# 2. Ansible for provisioning tool  Date: 2017-11-04  ## Status  Accepted  ## Context  We need a too,technology_choice,"infrastructure_and_deployment, technology_choice",{'technology_choice'},"{'technology_choice', 'infrastructure_and_deployment'}",0.5,1.0
ADR_107,"# 0011 - Pin ""mbtest"" library to v2.5.1  Date: March 26 2021  ## Context  On March 22 2021 it was",testing_strategy,"governance_and_process, testing_strategy",{'testing_strategy'},"{'testing_strategy', 'governance_and_process'}",0.5,1.0
ADR_108,# 10. Terraform Module Strategy  Date: 2021-06-18  ## Status  ✅ Accepted  ## Context  The Modernisat,governance_and_process,"infrastructure_and_deployment, governance_and_process, testing_strategy",{'governance_and_process'},"{'testing_strategy', 'governance_and_process', 'infrastructure_and_deployment'}",0.33,1.0
ADR_109,# 6. feat-add-autoscaling-policy  Date: 2020-02-20  ## Status  Accepted  ## Context  Goal: The platf,"governance_and_process, infrastructure_and_deployment, technology_choice","infrastructure_and_deployment, performance_and_scalability","{'governance_and_process', 'technology_choice', 'infrastructure_and_deployment'}","{'performance_and_scalability', 'infrastructure_and_deployment'}",0.25,0.33
ADR_110,# [short title of solved problem and solution]  * Status: [proposed | rejected | accepted | deprecat,governance_and_process,governance_and_process,{'governance_and_process'},{'governance_and_process'},1.0,1.0
ADR_111,# 8. Use scratch saves as input for conversion to C  Date: 2019-10-20  ## Status  Accepted  Amended ,technology_choice,"api_and_contracts, architecture_patterns",{'technology_choice'},"{'architecture_patterns', 'api_and_contracts'}",0.0,0.0
ADR_112,# 3. Preservation  Date: 2019-04-02  ## Status  Accepted  ## Context  We have agreed that we will pr,governance_and_process,"data_persistence, infrastructure_and_deployment",{'governance_and_process'},"{'data_persistence', 'infrastructure_and_deployment'}",0.0,0.0
ADR_113,# Use RabbitMQ with MQTT plugin as message broker for devices so they can communicate with each othe,technology_choice,"technology_choice, infrastructure_and_deployment, architecture_patterns",{'technology_choice'},"{'architecture_patterns', 'technology_choice', 'infrastructure_and_deployment'}",0.33,1.0
ADR_114,# 1. (Solr)ContentStore Replication  Date: 2019-24-09  ## Status Accepted  ## Context Solr Index Rep,governance_and_process,"data_persistence, infrastructure_and_deployment, architecture_patterns",{'governance_and_process'},"{'architecture_patterns', 'data_persistence', 'infrastructure_and_deployment'}",0.0,0.0
ADR_115,# Pipeline Metrics  ## Status  Proposed  ## Context  To determine the success and health of the pipe,infrastructure_and_deployment,"observability, governance_and_process",{'infrastructure_and_deployment'},"{'observability', 'governance_and_process'}",0.0,0.0
ADR_116,# Context:  The aim of this document is to record how Orphan Mitigation (OM) for service instances a,others,"api_and_contracts, governance_and_process",{'others'},"{'governance_and_process', 'api_and_contracts'}",0.0,0.0
ADR_117,# 3. Follow Twelve Factor methodology  Date: 2018-10-16  ## Status  Accepted  ## Context  Designing ,architectural_patterns,"architecture_patterns, infrastructure_and_deployment, performance_and_scalability",{'architectural_patterns'},"{'architecture_patterns', 'performance_and_scalability', 'infrastructure_and_deployment'}",0.0,0.0
ADR_118,# 8. use-brakeman-for-security-analysis  Date: 2020-04-03  ## Status  ![Accepted](https://img.shield,"security, technology_choice","security, testing_strategy","{'technology_choice', 'security'}","{'testing_strategy', 'security'}",0.33,0.5
ADR_119,# To record decisions as Architectural Decision Records  ## Status: Busy  ## Context  We need to doc,governance_and_process,governance_and_process,{'governance_and_process'},{'governance_and_process'},1.0,1.0
ADR_120,# ADR 25: Drawing Sub-task  Created: January 6 2020 Updated: April 30 2020  ## Context  A drawing,others,"api_and_contracts, architecture_patterns",{'others'},"{'architecture_patterns', 'api_and_contracts'}",0.0,0.0
ADR_121,# 19. Virtual Platform Takes in THWPlatform Type  Date: 2020-10-20  ## Status  Accepted  Caused by [,others,"architecture_patterns, api_and_contracts",{'others'},"{'architecture_patterns', 'api_and_contracts'}",0.0,0.0
ADR_122,# 4. Use `SqlStreamStore`  Date: 2017-09-12  ## Status  Accepted  ## Context  Since we decided to us,technology_choice,"data_persistence, technology_choice",{'technology_choice'},"{'data_persistence', 'technology_choice'}",0.5,1.0
ADR_123,# Decision  Using a simple derivation function for now  # Reason  Have something sufficiently good r,others,governance_and_process,{'others'},{'governance_and_process'},0.0,0.0
ADR_124,# Metadata  ## Context  Digital objects need to have associated metadata for various use cases (refe,observability,"data_persistence, architecture_patterns",{'observability'},"{'architecture_patterns', 'data_persistence'}",0.0,0.0
ADR_125,# Architecture Decision Record: Use ADRs  [![Decided on][octicon-calendar]][adr-0001] <time datetime,governance_and_process,governance_and_process,{'governance_and_process'},{'governance_and_process'},1.0,1.0
ADR_126,# 2. use-bullet-to-catch-nplus1-queries  Date: 2019-09-19  ## Status  Accepted  ## Context  It can b,testing_strategy,"data_persistence, testing_strategy, performance_and_scalability",{'testing_strategy'},"{'testing_strategy', 'performance_and_scalability', 'data_persistence'}",0.33,1.0
ADR_127,# 1. Record architecture decisions  Date: 2018-07-25  ## Status  Accepted  ## Context  We need to re,governance_and_process,governance_and_process,{'governance_and_process'},{'governance_and_process'},1.0,1.0
ADR_128,"# 3. Rails Event Storm  ## Status  Accepted  ## Context  As I'm learning DDD with Arkency course, I'","architectural_patterns, technology_choice","architecture_patterns, technology_choice","{'architectural_patterns', 'technology_choice'}","{'architecture_patterns', 'technology_choice'}",0.33,0.5
ADR_129,# 1. Record architecture decisions  Date: 2019-05-09  ## Status  Approved  ## Context  We need to re,governance_and_process,governance_and_process,{'governance_and_process'},{'governance_and_process'},1.0,1.0
ADR_130,# 002 - Geoprocessing Caching  ## Context  Geoprocessing calls for large shapes can take a long time,data_persistence,"performance_and_scalability, data_persistence",{'data_persistence'},"{'performance_and_scalability', 'data_persistence'}",0.5,1.0
ADR_131,# ADR 0274: Step outcome and conclusion  **Date**: 2020-01-13  **Status**: Accepted  ## Context  Thi,api_and_contracts,"api_and_contracts, governance_and_process",{'api_and_contracts'},"{'governance_and_process', 'api_and_contracts'}",0.5,1.0
ADR_132,# 3. GraphQL as API Query Language via Apollo Server  Date: 2020-06-06  ## Status  Accepted  ## Cont,"api_and_contracts, technology_choice","api_and_contracts, technology_choice","{'api_and_contracts', 'technology_choice'}","{'api_and_contracts', 'technology_choice'}",1.0,1.0
ADR_133,# To use Node and Express for the server  ## Context  It's not intended for this app to have a signi,technology_choice,"technology_choice, architecture_patterns, performance_and_scalability",{'technology_choice'},"{'architecture_patterns', 'performance_and_scalability', 'technology_choice'}",0.33,1.0
ADR_134,# ADR 3: Sending notifications  * Jeremy Wells  ## Status  **proposal** | ~accepted~ | ~depreciated~,others,"microservices_and_modularity, architecture_patterns",{'others'},"{'microservices_and_modularity', 'architecture_patterns'}",0.0,0.0
ADR_135,--- layout: page title: 0006-workflow-callback --- # Add a new method to AdaptrisMessageListener  * ,others,"api_and_contracts, architecture_patterns",{'others'},"{'architecture_patterns', 'api_and_contracts'}",0.0,0.0
ADR_136,# 1. Record architecture decisions  Date: 2018-02-15  ## Status  Accepted  ## Context  We need to re,governance_and_process,governance_and_process,{'governance_and_process'},{'governance_and_process'},1.0,1.0
ADR_137,# JetStream Extended Purge  |Metadata|Value| |--|---| |Date  |2021-06-30| |Author  |@aricart| |Statu,others,"api_and_contracts, data_persistence",{'others'},"{'data_persistence', 'api_and_contracts'}",0.0,0.0
ADR_138,# Architecture Decision Record: Configuration Ontology  ## Context  In [ADR-003](adr-003-config-impl,data_persistence,"architecture_patterns, governance_and_process",{'data_persistence'},"{'governance_and_process', 'architecture_patterns'}",0.0,0.0
ADR_139,# Use kubernetes for running containerised applications  Date: 10/04/18  ## Status  ✅ Accepted  ## C,"technology_choice, infrastructure_and_deployment","infrastructure_and_deployment, technology_choice","{'technology_choice', 'infrastructure_and_deployment'}","{'technology_choice', 'infrastructure_and_deployment'}",1.0,1.0
ADR_140,# Inject AB / Config / Global Values to Presenters For Testablity  * Status: accepted * Deciders: iO,testing_strategy,"testing_strategy, architecture_patterns",{'testing_strategy'},"{'testing_strategy', 'architecture_patterns'}",0.5,1.0
ADR_141,# 1. Use containers to deploy tools from foreign languages source code  Date: 2017-10-25  ## Status ,technology_choice,"infrastructure_and_deployment, governance_and_process",{'technology_choice'},"{'governance_and_process', 'infrastructure_and_deployment'}",0.0,0.0
ADR_142,# Handle `themes` in ECL v3  | Status  | accepted  | | --- | --- | | **Proposed**  | 07/10/2020  | |,others,"microservices_and_modularity, architecture_patterns",{'others'},"{'microservices_and_modularity', 'architecture_patterns'}",0.0,0.0
ADR_143,--- id: 0001-record-architecture-decisions title: 1 - Recording Architecture Decisions --- Date: 201,governance_and_process,governance_and_process,{'governance_and_process'},{'governance_and_process'},1.0,1.0
ADR_144,# 4. Lombok  Date: 2018-08-02  ## Status  Accepted  ## Context  Java projects often contain a large ,technology_choice,technology_choice,{'technology_choice'},{'technology_choice'},1.0,1.0
ADR_145,## **Title**: Dependencies Default to Primary  ## **Status**: accepted  ## **Context**:  Primary Hea,others,"observability, governance_and_process",{'others'},"{'observability', 'governance_and_process'}",0.0,0.0
ADR_146,# 3. Use PlantUML for diagramming  Date: 2020-11-03  ## Status  Accepted  Amended by [5. Use PlantUM,governance_and_process,governance_and_process,{'governance_and_process'},{'governance_and_process'},1.0,1.0
ADR_147,# ADR-001<br/> Should the seed template be opinionated on state management framework choice?  ## Co,others,"governance_and_process, architecture_patterns",{'others'},"{'governance_and_process', 'architecture_patterns'}",0.0,0.0
ADR_148,# 8. Deployment Flow  Date: 2021-01-27 (_Updated 2022-07-18_)  ## Status  Accepted  ## Context  Our ,infrastructure_and_deployment,"infrastructure_and_deployment, governance_and_process",{'infrastructure_and_deployment'},"{'governance_and_process', 'infrastructure_and_deployment'}",0.5,1.0
ADR_149,"# Versions of TOSCA elements in the name  In order to enable the versioning of TOSCA elements, the v",others,"api_and_contracts, governance_and_process",{'others'},"{'governance_and_process', 'api_and_contracts'}",0.0,0.0
ADR_150,# 9. Architecture tests. Date: 2020-06-27  ## Status Accepted  ## Context We need to have the mechan,testing_strategy,"testing_strategy, governance_and_process",{'testing_strategy'},"{'testing_strategy', 'governance_and_process'}",0.5,1.0
ADR_151,# 7. Service dns Patterns  Date: 2021-01-04  ## Status  Accepted  ## Context  Our current dns naming,governance_and_process,"infrastructure_and_deployment, governance_and_process",{'governance_and_process'},"{'governance_and_process', 'infrastructure_and_deployment'}",0.5,1.0
ADR_152,# Capabilities & Security ADR  Date: 2019-02-26  ## Status Draft  ## Context  A unified security mod,security,"security, architecture_patterns",{'security'},"{'architecture_patterns', 'security'}",0.5,1.0
ADR_153,# Region level sync September 2020  _This ADR has been added retroactively in Apr 2021 to capture ou,performance_and_scalability,"performance_and_scalability, data_persistence, api_and_contracts",{'performance_and_scalability'},"{'performance_and_scalability', 'data_persistence', 'api_and_contracts'}",0.33,1.0
ADR_154,# 9. Event Driven Framework Design  Date: 2018-07-06  ## Status  Accepted  ## Context  * Embedded sy,architectural_patterns,"architecture_patterns, performance_and_scalability",{'architectural_patterns'},"{'architecture_patterns', 'performance_and_scalability'}",0.0,0.0
ADR_155,# Prefect for workflow definition and execution in AutoFlow  Date: 22 November 2019  # Status  Pendi,"governance_and_process, technology_choice","technology_choice, architecture_patterns","{'governance_and_process', 'technology_choice'}","{'architecture_patterns', 'technology_choice'}",0.33,0.5
ADR_156,# 14. Use redux  Date: 2018-08-01  ## Status  Accepted  ## Context  Redux is a state container for J,technology_choice,"technology_choice, architecture_patterns",{'technology_choice'},"{'architecture_patterns', 'technology_choice'}",0.5,1.0
ADR_157,# 0016. Installation method: Home Assistant Core  Date: 2020-07-01  ## Status  Accepted  ## Context ,others,"infrastructure_and_deployment, governance_and_process",{'others'},"{'governance_and_process', 'infrastructure_and_deployment'}",0.0,0.0
ADR_158,# 1. Record architecture decisions  Date: 2020-05-07  ## Status  Accepted  ## Context  We need to re,governance_and_process,governance_and_process,{'governance_and_process'},{'governance_and_process'},1.0,1.0
ADR_159,# ADR011: Build Artefacts  ## Status  Pending  ## Context  As part of our pipelines we will be build,"technology_choice, infrastructure_and_deployment","technology_choice, infrastructure_and_deployment","{'technology_choice', 'infrastructure_and_deployment'}","{'technology_choice', 'infrastructure_and_deployment'}",1.0,1.0
ADR_160,# 6. Factories  Date: 2016-11-08  ## Status  Accepted.  This ADR was accepted implicitly by the (cur,architectural_patterns,"architecture_patterns, testing_strategy",{'architectural_patterns'},"{'testing_strategy', 'architecture_patterns'}",0.0,0.0
ADR_161,# Source-to-Image Workflow  Technical Story: [Evaluate Knative build](https://github.com/UST-MICO/mi,technology_choice,"infrastructure_and_deployment, technology_choice",{'technology_choice'},"{'technology_choice', 'infrastructure_and_deployment'}",0.5,1.0
ADR_162,# 8. api-documentation  Date: 2019-07-01  ## Status  Accepted  ## Context  We want our [API](./0004-,"governance_and_process, technology_choice","api_and_contracts, testing_strategy","{'governance_and_process', 'technology_choice'}","{'testing_strategy', 'api_and_contracts'}",0.0,0.0
ADR_163,# Hashing the identity information  Date: 2019-03-27  ## Status  Accepted  ## Context  The SAML prof,"technology_choice, observability","security, observability","{'observability', 'technology_choice'}","{'observability', 'security'}",0.33,0.5
ADR_164,# 9. Using one database per service  Date: 2018-01-10  ## Status  Accepted  ## Context  Many of the ,microservices_and_modularity,"data_persistence, microservices_and_modularity, performance_and_scalability",{'microservices_and_modularity'},"{'performance_and_scalability', 'microservices_and_modularity', 'data_persistence'}",0.33,1.0
ADR_165,--- layout: default title: ADR-0002 nav_order: 5 permalink: records/0002/ --- # Extract Only Useful ,observability,"data_persistence, performance_and_scalability",{'observability'},"{'performance_and_scalability', 'data_persistence'}",0.0,0.0
ADR_166,# ADR 0003: Domain-Driven Design  * [Table of contents](#)  * [Context](#context)  * [Decision](#d,architectural_patterns,"architecture_patterns, microservices_and_modularity, governance_and_process",{'architectural_patterns'},"{'governance_and_process', 'architecture_patterns', 'microservices_and_modularity'}",0.0,0.0
ADR_167,"# 0009. Mobile App Release Process  | Date | Tags | |---|---| | Tue Jul 24  | process, release |  #",others,"governance_and_process, infrastructure_and_deployment",{'others'},"{'governance_and_process', 'infrastructure_and_deployment'}",0.0,0.0
ADR_168,# ADR 001: Coin Source Tracing  ## Changelog  - 2020-07-09: Initial Draft - 2020-08-11: Implementati,others,"data_persistence, api_and_contracts, architecture_patterns",{'others'},"{'architecture_patterns', 'data_persistence', 'api_and_contracts'}",0.0,0.0
ADR_169,# 5. Calculate distance between origin and result items within the application  Date: 2018-12-05  ##,others,"architecture_patterns, performance_and_scalability",{'others'},"{'architecture_patterns', 'performance_and_scalability'}",0.0,0.0
ADR_170,# 1. Record architecture decisions  Date: 2019-02-05  ## Status  Accepted  ## Context  We need to re,governance_and_process,governance_and_process,{'governance_and_process'},{'governance_and_process'},1.0,1.0
ADR_171,# 2. Use Pull Request Templates  Date: 2019-08-16  ## Status  ![Accepted](https://img.shields.io/bad,governance_and_process,governance_and_process,{'governance_and_process'},{'governance_and_process'},1.0,1.0
ADR_172,# Decision record: Root path handling  ## Context  As part of the work to release the next major ver,governance_and_process,api_and_contracts,{'governance_and_process'},{'api_and_contracts'},0.0,0.0
ADR_173,Persistence and retries for events ==  Status --  Approved  Context ---  `event-routing-backends` tr,others,"data_persistence, architecture_patterns, observability",{'others'},"{'observability', 'architecture_patterns', 'data_persistence'}",0.0,0.0
ADR_174,# 25. We will only release one configuration file  Date: 2017-11-06  ## Status  Accepted  ## Context,governance_and_process,"governance_and_process, infrastructure_and_deployment",{'governance_and_process'},"{'governance_and_process', 'infrastructure_and_deployment'}",0.5,1.0
ADR_175,# 49. 全站 https  Date: 2018-06-27  ## Status  Proposed  ## Context  0. 客户网络环境不佳，存在流量劫持；使用的第三方服务要求 htt,technology_choice,"security, infrastructure_and_deployment, api_and_contracts",{'technology_choice'},"{'api_and_contracts', 'infrastructure_and_deployment', 'security'}",0.0,0.0
ADR_176,# Data Storage  Status: Draft  Date: 2020-05-22  Author: Filipe Pinheiro <filipe@yld.io>  Reviewed-b,"data_persistence, technology_choice","data_persistence, technology_choice","{'data_persistence', 'technology_choice'}","{'data_persistence', 'technology_choice'}",1.0,1.0
ADR_177,# 2. Use AWS Bare Metal Rig approach  Date: 2017-09-27  ## Status  Accepted  Amended by [3. Use AWS ,technology_choice,"infrastructure_and_deployment, technology_choice",{'technology_choice'},"{'technology_choice', 'infrastructure_and_deployment'}",0.5,1.0
ADR_178,# 0002. ORID  Date: 2020-JUL-31  ## Status  Accepted  ## Decision  All services shall emit and consu,governance_and_process,"api_and_contracts, microservices_and_modularity",{'governance_and_process'},"{'microservices_and_modularity', 'api_and_contracts'}",0.0,0.0
ADR_179,# 6. Create façade between API and business module  Date: 2019-07-01  Log date: 2019-11-04  ## Statu,"architectural_patterns, api_and_contracts","architecture_patterns, microservices_and_modularity, api_and_contracts","{'architectural_patterns', 'api_and_contracts'}","{'architecture_patterns', 'api_and_contracts', 'microservices_and_modularity'}",0.25,0.5
ADR_180,# 4. Users will be able to provide relay state  Date: 01/06/2017  ## Status  Pending (may want to ch,others,api_and_contracts,{'others'},{'api_and_contracts'},0.0,0.0
ADR_181,# ADR-004: Minimally Transform Source Code During Build  - Status: Accepted - People involved: @subl,others,"governance_and_process, infrastructure_and_deployment",{'others'},"{'governance_and_process', 'infrastructure_and_deployment'}",0.0,0.0
ADR_182,# 1. Record architecture decisions  Date: 2020-01-29  ## Status  Accepted  ## Context  We need to re,governance_and_process,governance_and_process,{'governance_and_process'},{'governance_and_process'},1.0,1.0
ADR_183,#46. Generalize EventBus  Date: 2020-06-11  ## Status  Implemented used for JMAP notifications how,architectural_patterns,"architecture_patterns, microservices_and_modularity",{'architectural_patterns'},"{'architecture_patterns', 'microservices_and_modularity'}",0.0,0.0
ADR_184,# ADR 008: Decentralized Computer Emergency Response Team (dCERT) Group  ## Changelog  - 2019 Jul 31,others,"governance_and_process, security",{'others'},"{'governance_and_process', 'security'}",0.0,0.0
ADR_185,# Alerting Setup for Operate First Monitoring  * Status: accepted * Deciders: hemajv 4n4nd anishas,"technology_choice, observability","observability, governance_and_process","{'observability', 'technology_choice'}","{'observability', 'governance_and_process'}",0.33,0.5
ADR_186,# 2. Tweepy  Date: 2018-12-12  ## Status  Proposed  ## Subject Matter Expert (SME)  Corneliu Popescu,technology_choice,technology_choice,{'technology_choice'},{'technology_choice'},1.0,1.0
ADR_187,# 8. feat_ideas_for_resilience  Date: 2020-02-25  ## Status  Draft  ## Context  Here I'm adding some,others,"observability, security, infrastructure_and_deployment, governance_and_process",{'others'},"{'observability', 'governance_and_process', 'infrastructure_and_deployment', 'security'}",0.0,0.0
ADR_188,# Use Go As Server Language  The EASi developers need a language to support the application server s,technology_choice,technology_choice,{'technology_choice'},{'technology_choice'},1.0,1.0
ADR_189,# ADR039: Restricting CloudHSM network access to particular namespaces  ## Status  Accepted  ## Cont,security,"security, infrastructure_and_deployment",{'security'},"{'infrastructure_and_deployment', 'security'}",0.5,1.0
ADR_190,# Open Source License  * Status: proposed * Deciders: dev devops managers * Date: 2020-06-07  ## C,governance_and_process,governance_and_process,{'governance_and_process'},{'governance_and_process'},1.0,1.0
ADR_191,## Sentry  ### Context - e2e/UI testing framework - Was not able to get it to run on Netlify  ### De,others,"observability, testing_strategy",{'others'},"{'observability', 'testing_strategy'}",0.0,0.0
ADR_192,0001 - GeoDocker deployment ===  Context --- Currently it is possible to start a distributed geodoc,"technology_choice, infrastructure_and_deployment",infrastructure_and_deployment,"{'technology_choice', 'infrastructure_and_deployment'}",{'infrastructure_and_deployment'},0.5,0.5
ADR_193,# 5. Use id_token from Microsoft as Bearer token  Date: 2017-12-01  ## Status  Accepted  Amends [4. ,security,"security, api_and_contracts",{'security'},"{'api_and_contracts', 'security'}",0.5,1.0
ADR_194,# Storing dates in SQLite database ## Context SQLite does not feature a date format data type.,others,data_persistence,{'others'},{'data_persistence'},0.0,0.0
ADR_195,# Op specific enums  ## Status  ACCEPTED  Discussed by: Alex Black Robert Altena and Paul Dubs on 2,others,"api_and_contracts, governance_and_process",{'others'},"{'governance_and_process', 'api_and_contracts'}",0.0,0.0
ADR_196,# Implementation of complex EAI-Patterns with FaaS  ## Context and Problem Statement  Some [Enterpr,architectural_patterns,"architecture_patterns, microservices_and_modularity",{'architectural_patterns'},"{'architecture_patterns', 'microservices_and_modularity'}",0.0,0.0
ADR_197,# *Use Springfox to automatically generate API Documentation*  **User Story:** *As a developer i wan,technology_choice,"api_and_contracts, governance_and_process",{'technology_choice'},"{'governance_and_process', 'api_and_contracts'}",0.0,0.0
ADR_198,# Context  https://dsva.slack.com/archives/C01CJV0L9PS/p1612651359029600?thread_ts=1612651359.029600,governance_and_process,"infrastructure_and_deployment, security, governance_and_process",{'governance_and_process'},"{'governance_and_process', 'security', 'infrastructure_and_deployment'}",0.33,1.0
ADR_199,<!---~  ~ Copyright (c) 2021 Contributors to the Eclipse Foundation  ~  ~ See the NOTICE file(s) ,governance_and_process,"architecture_patterns, governance_and_process",{'governance_and_process'},"{'governance_and_process', 'architecture_patterns'}",0.5,1.0
ADR_200,# Relevant ArangoDB documentation  * Transactions: https://www.arangodb.com/docs/stable/transactions,others,"data_persistence, performance_and_scalability",{'others'},"{'performance_and_scalability', 'data_persistence'}",0.0,0.0
ADR_201,# 8. Volume Management in case of disruption  **Update (2019-07-30)**: We decided to rely on Statefu,"infrastructure_and_deployment, technology_choice","data_persistence, infrastructure_and_deployment","{'technology_choice', 'infrastructure_and_deployment'}","{'data_persistence', 'infrastructure_and_deployment'}",0.33,0.5
ADR_202,# 34. 2FA on all user identities  Date: 2020-09-21  ## Status  Accepted  Implements [6. Implement Se,security,security,{'security'},{'security'},1.0,1.0
ADR_203,# ADR 0297: Base64 Masking Trailing Characters  **Date** 2020-01-21  **Status** Proposed  ## Context,others,security,{'others'},{'security'},0.0,0.0
ADR_204,# 2. language  Date: 2018-10-31  ## Status  Accepted  Testing [3. testing](0003-testing.md)  ## Cont,technology_choice,technology_choice,{'technology_choice'},{'technology_choice'},1.0,1.0
ADR_205,# Use Spring for Dependency Injection and discovery of plugins  * Status: accepted  ## Context and P,technology_choice,"architecture_patterns, technology_choice",{'technology_choice'},"{'architecture_patterns', 'technology_choice'}",0.5,1.0
ADR_206,# OPM1: Use ADRS for decision tracking Date: 2021-01-28  ## Status Accepted  ## Context A microservi,governance_and_process,governance_and_process,{'governance_and_process'},{'governance_and_process'},1.0,1.0
ADR_207,"# Architecture Decision Record: Project Templates  ## Context  When starting a new project, it isn't",technology_choice,governance_and_process,{'technology_choice'},{'governance_and_process'},0.0,0.0
ADR_208,# 60. Lock pip requirements  Date: 2021-06-08  ## Status  Accepted  Implements [4. Create software d,security,"security, governance_and_process",{'security'},"{'governance_and_process', 'security'}",0.5,1.0
ADR_209,# 4. blacklight-for-search-only  Date: 2020-01-15  ## Status  Accepted  ## Context  There are two wa,data_persistence,"data_persistence, architecture_patterns",{'data_persistence'},"{'architecture_patterns', 'data_persistence'}",0.5,1.0
ADR_210,### Context  This is the beginning of the project  ### Decision  I decide to create a _Docs_ folder,governance_and_process,governance_and_process,{'governance_and_process'},{'governance_and_process'},1.0,1.0
ADR_211,# 3. looping over list  Date: 2018-07-26  ## Status  Done  ## Context  We want to be able to loop si,others,"api_and_contracts, architecture_patterns",{'others'},"{'architecture_patterns', 'api_and_contracts'}",0.0,0.0
ADR_212,# 0027 Annotate Project STAC Export  ## Context  This is an ADR documenting decisions made on MVP fe,technology_choice,"api_and_contracts, infrastructure_and_deployment, architecture_patterns",{'technology_choice'},"{'architecture_patterns', 'api_and_contracts', 'infrastructure_and_deployment'}",0.0,0.0
ADR_213,# 1. Don't export `moku init` execs  Date: 2019-02-15  Status --  Accepted  Context ---  Let's say w,infrastructure_and_deployment,"infrastructure_and_deployment, governance_and_process",{'infrastructure_and_deployment'},"{'governance_and_process', 'infrastructure_and_deployment'}",0.5,1.0
ADR_214,# 16. We will have a healthcheck endpoint  Date: 2017-07-25  ## Status  Accepted  ## Context  In var,others,observability,{'others'},{'observability'},0.0,0.0
ADR_215,# 28. A solution is implemented by one or more GCP projects  Date: 2020-09-21  ## Status  Accepted  ,microservices_and_modularity,"infrastructure_and_deployment, microservices_and_modularity",{'microservices_and_modularity'},"{'microservices_and_modularity', 'infrastructure_and_deployment'}",0.5,1.0
ADR_216,# 3. Deploy via Heroku Pipelines  Date: 2017-12-01  ## Status  Accepted  ## Context  Initially this ,infrastructure_and_deployment,infrastructure_and_deployment,{'infrastructure_and_deployment'},{'infrastructure_and_deployment'},1.0,1.0
ADR_217,# 10. Packaging Node Exporter as .deb for Verify  Date: 2018-08-15  ## Status  Accepted  ## Context ,technology_choice,"infrastructure_and_deployment, observability",{'technology_choice'},"{'observability', 'infrastructure_and_deployment'}",0.0,0.0
ADR_218,# Use an automated license checker  ## Status  proposed  ## Context  Working with OpenSource softwar,technology_choice,governance_and_process,{'technology_choice'},{'governance_and_process'},0.0,0.0
ADR_219,Frontend Frameworks === Context --- ### Background Based on the advice of the Phase I team we will ,technology_choice,"technology_choice, governance_and_process",{'technology_choice'},"{'governance_and_process', 'technology_choice'}",0.5,1.0
ADR_220,# Handling generic Input/Output  ## Context  Currently we use a single View from the Presenter to ,governance_and_process,"architecture_patterns, api_and_contracts",{'governance_and_process'},"{'architecture_patterns', 'api_and_contracts'}",0.0,0.0
ADR_221,# 013: Command & event design  Authors: @opqdonut @Macroz  This ADR outlines some discussions about ,architectural_patterns,"architecture_patterns, api_and_contracts",{'architectural_patterns'},"{'architecture_patterns', 'api_and_contracts'}",0.0,0.0
ADR_222,# ADR 005: Split Audit Tool and Content Performance Manager  18-01-2018  ## Context  Content Perform,"technology_choice, governance_and_process",microservices_and_modularity,"{'governance_and_process', 'technology_choice'}",{'microservices_and_modularity'},0.0,0.0
ADR_223,# 3. Host two mongodb-updaters in a Single Stack  Date: 2017-06-28  ## Status  Accepted  ## Context ,data_persistence,infrastructure_and_deployment,{'data_persistence'},{'infrastructure_and_deployment'},0.0,0.0
ADR_224,# 15. App Access Logs from IngressGateway  Date: 2020-07-06  ## Status  Accepted  ## Context  `cf lo,others,"observability, infrastructure_and_deployment",{'others'},"{'observability', 'infrastructure_and_deployment'}",0.0,0.0
ADR_225,# 4. MongoDB datetime representation  Date: 2020-07-28  ## Status  Accepted  ## Context  Representin,"data_persistence, technology_choice","data_persistence, performance_and_scalability","{'data_persistence', 'technology_choice'}","{'performance_and_scalability', 'data_persistence'}",0.33,0.5
ADR_226,# 3. New annotation removal stage present in all webapi pipelines  Date: 2020-10-21  ## Status  Acce,others,"architecture_patterns, api_and_contracts",{'others'},"{'architecture_patterns', 'api_and_contracts'}",0.0,0.0
ADR_227,# 4. Use AWS Load Balancer Controller for edge traffic services  Date: 2021-08-12  ## Status  Accept,technology_choice,"infrastructure_and_deployment, api_and_contracts, security",{'technology_choice'},"{'api_and_contracts', 'security', 'infrastructure_and_deployment'}",0.0,0.0
ADR_228,# 3. Use Rollup to build distributables  Date: 2019-10-29  ## Status  Accepted  ## Context  We want ,technology_choice,"technology_choice, governance_and_process",{'technology_choice'},"{'governance_and_process', 'technology_choice'}",0.5,1.0
ADR_229,# 35. 关于灾难恢复  Date: 2017-06-05  ## Status  Proposed  ## Context  当前我们使用的是华北2可用区A机房（即北京昌平区的一个机房）部署了所有,infrastructure_and_deployment,"infrastructure_and_deployment, architecture_patterns",{'infrastructure_and_deployment'},"{'architecture_patterns', 'infrastructure_and_deployment'}",0.5,1.0
ADR_230,# 7. Use Dependabot to keep dependencies up to date  Date: 2019-10-30  ## Status  Accepted  ## Conte,technology_choice,"governance_and_process, security",{'technology_choice'},"{'governance_and_process', 'security'}",0.0,0.0
ADR_231,# 9. enhancement-retry-authen-interceptor  Date: 2021-05-10  ## Status  Accepted  ## Context  - The ,others,"api_and_contracts, performance_and_scalability",{'others'},"{'performance_and_scalability', 'api_and_contracts'}",0.0,0.0
ADR_232,# Document Architecture Decisions in ADRs  Date: Thu Aug 15 22:48:16 CEST 2019  ## Milestone  0.1.0 ,governance_and_process,governance_and_process,{'governance_and_process'},{'governance_and_process'},1.0,1.0
ADR_233,# Use (only) Memory Store  * Status: accepted * Deciders: Nathan Fiedler * Date: 2020-08-20  ## Cont,data_persistence,"data_persistence, security",{'data_persistence'},"{'data_persistence', 'security'}",0.5,1.0
ADR_234,# 2. Use ASP.NET Core  Date: 2017-09-24  ## Status  Accepted  ## Context  With the introduction of .,technology_choice,technology_choice,{'technology_choice'},{'technology_choice'},1.0,1.0
ADR_235,# 29. Cassandra mailbox deletion cleanup  Date: 2020-04-12  ## Status  Accepted (lazy consensus) & i,governance_and_process,"data_persistence, architecture_patterns",{'governance_and_process'},"{'architecture_patterns', 'data_persistence'}",0.0,0.0
ADR_236,# 13. Use AWS S3 for storing files  Date: 2018-07-18  ## Status  Accepted  ## Context  The Data Subm,"technology_choice, data_persistence","data_persistence, technology_choice","{'data_persistence', 'technology_choice'}","{'data_persistence', 'technology_choice'}",1.0,1.0
ADR_237,# 8. Limit scope of Libero infrastructure  Date: 2020-01-10  ## Status  Proposed  ## Context  Libero,infrastructure_and_deployment,"infrastructure_and_deployment, governance_and_process",{'infrastructure_and_deployment'},"{'governance_and_process', 'infrastructure_and_deployment'}",0.5,1.0
ADR_238,# Use OAuth 2.0 and OpenID Connect as protocols for Authentication and Authorization  - Status: acce,"security, technology_choice","security, api_and_contracts","{'technology_choice', 'security'}","{'api_and_contracts', 'security'}",0.33,0.5
ADR_239,"Decided to implement automatic data scraping backend as a customly built system deployed on Heroku, ",infrastructure_and_deployment,"technology_choice, infrastructure_and_deployment",{'infrastructure_and_deployment'},"{'technology_choice', 'infrastructure_and_deployment'}",0.5,1.0
ADR_240,# Use postcodes.io to get postcode from coordinates Date: 10/10/2019  ## Status approved  ## Context,technology_choice,"technology_choice, performance_and_scalability",{'technology_choice'},"{'performance_and_scalability', 'technology_choice'}",0.5,1.0
ADR_241,#Choice of application level architecture for cardops module  ##Context Need to choose an applicable,architectural_patterns,"architecture_patterns, testing_strategy",{'architectural_patterns'},"{'testing_strategy', 'architecture_patterns'}",0.0,0.0
ADR_242,Context ===  In order to ensure the confidentiality of private tenant data processed on the platform,security,"security, infrastructure_and_deployment",{'security'},"{'infrastructure_and_deployment', 'security'}",0.5,1.0
ADR_243,# 26. Auth0 for authentication  Date: 2017-11-04  ## Status  Accepted  ## Context  User Authenticati,"security, technology_choice","technology_choice, security","{'technology_choice', 'security'}","{'technology_choice', 'security'}",1.0,1.0
ADR_244,# 10 Enable ElasticSearch routing  Date: 2019-10-17  ## Status  Accepted (lazy consensus)  Additiona,"data_persistence, performance_and_scalability","data_persistence, performance_and_scalability","{'performance_and_scalability', 'data_persistence'}","{'performance_and_scalability', 'data_persistence'}",1.0,1.0
ADR_245,--- layout: layouts/page.njk title: ADR-0012 Use external search service pageTitle: ADR-0012 Use ext,technology_choice,"technology_choice, architecture_patterns",{'technology_choice'},"{'architecture_patterns', 'technology_choice'}",0.5,1.0
ADR_246,"--- layout: layouts/adr.njk title: ""Record architecture decisions"" weight: 1 date: 2021-06-27 review",governance_and_process,governance_and_process,{'governance_and_process'},{'governance_and_process'},1.0,1.0
ADR_247,"--- id: ingest-google-sheets-data title: ""Ingest Google Sheets Data - ADR 002"" description: """" tags:",technology_choice,"infrastructure_and_deployment, technology_choice",{'technology_choice'},"{'technology_choice', 'infrastructure_and_deployment'}",0.5,1.0
ADR_248,# ADR 2018-10-04: Names Not UUIDs for IAM API  ## Status  * ACCEPTED (2018-10-24) * PROPOSED (2018-1,api_and_contracts,"api_and_contracts, governance_and_process",{'api_and_contracts'},"{'governance_and_process', 'api_and_contracts'}",0.5,1.0
ADR_249,# 3. Choice of entities for the Named Entity Recognizer  Date: 08-07-2020  ## Status  Accepted  ## C,others,"governance_and_process, security",{'others'},"{'governance_and_process', 'security'}",0.0,0.0
ADR_250,# Design Decision 7 - Directory Structure  ## Background  Decision for how to organize compiled npm ,governance_and_process,"microservices_and_modularity, governance_and_process",{'governance_and_process'},"{'governance_and_process', 'microservices_and_modularity'}",0.5,1.0
ADR_251,# PostgreSQL as the RDBMS  Date: Thu Sep 19 21:42:04 CEST 2019  ## Milestone  0.1.0  ## Context  For,"technology_choice, data_persistence","data_persistence, technology_choice","{'data_persistence', 'technology_choice'}","{'data_persistence', 'technology_choice'}",1.0,1.0
ADR_252,# Config  ## Context  * We need to set the port and other config values for our application * We do ,"technology_choice, security","infrastructure_and_deployment, governance_and_process","{'technology_choice', 'security'}","{'governance_and_process', 'infrastructure_and_deployment'}",0.0,0.0
ADR_253,# Have a single repository for all microservices  ## Context and Problem Statement  A repository for,microservices_and_modularity,"governance_and_process, infrastructure_and_deployment",{'microservices_and_modularity'},"{'governance_and_process', 'infrastructure_and_deployment'}",0.0,0.0
ADR_254,# ADR 15: Drawing tools API  Created: June 19 2019 Updated: October 31 2019  ## Context  The way t,technology_choice,"architecture_patterns, api_and_contracts, performance_and_scalability",{'technology_choice'},"{'performance_and_scalability', 'architecture_patterns', 'api_and_contracts'}",0.0,0.0
ADR_255,# ADR 015: Single type indices  ## TL;DR Switch from one index with multiple types to multiple indic,data_persistence,"data_persistence, technology_choice",{'data_persistence'},"{'data_persistence', 'technology_choice'}",0.5,1.0
ADR_256,# 2. Use a changelog for tracking changes in a release  Date: 2019-09-13  ## Status  Accepted  ## Co,governance_and_process,governance_and_process,{'governance_and_process'},{'governance_and_process'},1.0,1.0
ADR_257,## ADR 6: Choosing a Test Framework July 26 2019  ### Context The app needs tests. This is a must. ,"technology_choice, testing_strategy","testing_strategy, technology_choice","{'testing_strategy', 'technology_choice'}","{'testing_strategy', 'technology_choice'}",1.0,1.0
ADR_258,# Simulator Language  ## Status  Accepted  ## Context  Simulator should do multiple calculations in ,technology_choice,"technology_choice, performance_and_scalability",{'technology_choice'},"{'performance_and_scalability', 'technology_choice'}",0.5,1.0
ADR_259,--- kind: '📌 Architecture Decision Records' ---  # ADR 0005: How should we implement copy to clipboa,others,"technology_choice, others",{'others'},"{'others', 'technology_choice'}",0.5,1.0
ADR_260,# ADR 02: Credential Storage  * Status: accepted * Interested parties: @zwolf @camallen @adammcmas,technology_choice,"security, governance_and_process",{'technology_choice'},"{'governance_and_process', 'security'}",0.0,0.0
ADR_261,# 7. Deploy to Heroku  Date: 2017-09-24  ## Status  Accepted  ## Context  The application needs to b,infrastructure_and_deployment,"infrastructure_and_deployment, technology_choice",{'infrastructure_and_deployment'},"{'technology_choice', 'infrastructure_and_deployment'}",0.5,1.0
ADR_262,# Implement our own indexing and artifacts search  ## Status  Proposed  ## Context  We need to be ab,technology_choice,"technology_choice, data_persistence",{'technology_choice'},"{'data_persistence', 'technology_choice'}",0.5,1.0
ADR_263,Context === We use [Bosh](https://bosh.io/) to create and manage our cloudfoundry deployment on AWS.,technology_choice,"governance_and_process, infrastructure_and_deployment",{'technology_choice'},"{'governance_and_process', 'infrastructure_and_deployment'}",0.0,0.0
ADR_264,--- title: ADR002 - Concourse pool resource ---  # ADR002: Concourse pool resource  ## Context  When,technology_choice,"governance_and_process, security",{'technology_choice'},"{'governance_and_process', 'security'}",0.0,0.0
ADR_265,# Use GNU Make to centralise all tasks  * Status: accepted * Date: 2020-05-07  ## Context and Proble,technology_choice,"governance_and_process, infrastructure_and_deployment",{'technology_choice'},"{'governance_and_process', 'infrastructure_and_deployment'}",0.0,0.0
ADR_266,# 3. API Server Responsible for Interaction with External Services  Date: 2018-08-27  ## Status  Acc,api_and_contracts,"architecture_patterns, api_and_contracts, security",{'api_and_contracts'},"{'architecture_patterns', 'api_and_contracts', 'security'}",0.33,1.0
ADR_267,# 2. Web SRE Service Documentation  Date: 2021-06-01 Scope: Web SRE Team  ## Status  Approved  ## Co,governance_and_process,governance_and_process,{'governance_and_process'},{'governance_and_process'},1.0,1.0
ADR_268,# Frontend Tech Stack  ### **Date:** 30th March 2021  ### **Status:** ACCEPTED  ## **Context**  Hack,technology_choice,"technology_choice, governance_and_process",{'technology_choice'},"{'governance_and_process', 'technology_choice'}",0.5,1.0
ADR_269,# 7. Use Ruby for new applications for Manage Offenders in Custody  Date: 2018-10-19  ## Status  Acc,technology_choice,"technology_choice, governance_and_process",{'technology_choice'},"{'governance_and_process', 'technology_choice'}",0.5,1.0
ADR_270,# 1. Record architecture decisions  Date: 2017-06-19  ## Status  Accepted  ## Context  We need to re,governance_and_process,governance_and_process,{'governance_and_process'},{'governance_and_process'},1.0,1.0
ADR_271,# 2. Use of PubSweet  Date: 2018-06-05  ## Status  Accepted  ## Context  eLife needs to develop thei,technology_choice,technology_choice,{'technology_choice'},{'technology_choice'},1.0,1.0
ADR_272,# 10. Create Route CRD and use Kubebuilder Instead of cfroutesync/Metacontroller  Date: 2020-05-05  ,api_and_contracts,"performance_and_scalability, api_and_contracts, technology_choice",{'api_and_contracts'},"{'performance_and_scalability', 'api_and_contracts', 'technology_choice'}",0.33,1.0
ADR_273,# ADR 0001: Record architecture decisions  Date: 2018-09-30  ## Status  Accepted  ## Context  I want,governance_and_process,governance_and_process,{'governance_and_process'},{'governance_and_process'},1.0,1.0
ADR_274,# 23. We will report the version in a saml extension  Date: 2017-10-10  ## Status  Accepted  ## Cont,others,"api_and_contracts, observability, security",{'others'},"{'observability', 'api_and_contracts', 'security'}",0.0,0.0
ADR_275,# 29. npm  Date: 2021-11-03  ## Status  Accepted  ## Context  The latest upgrade of Yarn has introdu,technology_choice,"technology_choice, governance_and_process",{'technology_choice'},"{'governance_and_process', 'technology_choice'}",0.5,1.0
ADR_276,--- sidebar_position: 2 ---  # Access Control Model  Date: 03/04/2018  ## Status  Accepted  ## Conte,security,"security, architecture_patterns",{'security'},"{'architecture_patterns', 'security'}",0.5,1.0
ADR_277,# 6. Make tabs swipeable  Date: 2018-09-12  ## Status  Accepted  ## Context  To navigate between tab,technology_choice,"technology_choice, user_interface_patterns",{'technology_choice'},"{'user_interface_patterns', 'technology_choice'}",0.5,1.0
ADR_278,# 6. Create Reference Implementation Repository  Date: 2019-01-14  ## Status  Accepted  ## Context  ,others,"infrastructure_and_deployment, governance_and_process",{'others'},"{'governance_and_process', 'infrastructure_and_deployment'}",0.0,0.0
ADR_279,# 4. feat-about-orchestration  Date: 2020-02-17  ## Status  Accepted  ## Context  Goals:  1. To sele,"technology_choice, infrastructure_and_deployment","infrastructure_and_deployment, technology_choice","{'technology_choice', 'infrastructure_and_deployment'}","{'technology_choice', 'infrastructure_and_deployment'}",1.0,1.0
ADR_280,# ADR 4: Tokenization and Static Assets  * [Table of contents](#)  * [Context](#context)  * [Decis,"technology_choice, data_persistence","technology_choice, infrastructure_and_deployment, performance_and_scalability","{'data_persistence', 'technology_choice'}","{'performance_and_scalability', 'technology_choice', 'infrastructure_and_deployment'}",0.25,0.5
ADR_281,# 15. Add info page  Date: 2019-10-16  ## Status  Accepted  ## Context  When debugging it is useful ,others,observability,{'others'},{'observability'},0.0,0.0
ADR_282,# Unified naming strategy for files and directories  * Status: accepted * Deciders: devs * Date: 202,governance_and_process,governance_and_process,{'governance_and_process'},{'governance_and_process'},1.0,1.0
ADR_283,# 9. Use pydantic for JSON (de-)serialization  Date: 2020-06-09  ## Status  Accepted  ## Context  In,technology_choice,"technology_choice, api_and_contracts",{'technology_choice'},"{'api_and_contracts', 'technology_choice'}",0.5,1.0
ADR_284,# 19. Reactor-netty adoption for JMAP server implementation  Date: 2020-02-28  ## Status  Accepted (,technology_choice,"technology_choice, performance_and_scalability",{'technology_choice'},"{'performance_and_scalability', 'technology_choice'}",0.5,1.0
ADR_285,# 4. Sprout Fails When Transaction In Progress  Date: 2018-06-17  ## Status  Accepted  ## Context  A,others,"architecture_patterns, governance_and_process",{'others'},"{'governance_and_process', 'architecture_patterns'}",0.0,0.0
ADR_286,# 3. DSL for creation and representation of goal trees  Date: 2017-05-14  ## Status  Accepted  ## Co,testing_strategy,testing_strategy,{'testing_strategy'},{'testing_strategy'},1.0,1.0
ADR_287,# Architecture Decision: What Should the Test Output Look Like?  I suspect that a very common workfl,others,"testing_strategy, performance_and_scalability",{'others'},"{'testing_strategy', 'performance_and_scalability'}",0.0,0.0
ADR_288,# 0010. Integration configuration  Date: 2020-04-14  ## Status  Accepted  ## Context  Home Assistant,api_and_contracts,"governance_and_process, architecture_patterns",{'api_and_contracts'},"{'governance_and_process', 'architecture_patterns'}",0.0,0.0
ADR_289,# Firestore  **Status:** Accepted  ## Context  We need a database in order to store the data provide,data_persistence,"data_persistence, technology_choice",{'data_persistence'},"{'data_persistence', 'technology_choice'}",0.5,1.0
ADR_290,# 2. Use dropwizard functionality to secure API  Date: 2017-06-01  ## Status  Accepted  ## Context  ,"security, technology_choice","security, api_and_contracts","{'technology_choice', 'security'}","{'api_and_contracts', 'security'}",0.33,0.5
ADR_291,# 11. The same Zend application will be used for both Viewer and Actor components  Date: 2019-05-01 ,microservices_and_modularity,"microservices_and_modularity, architecture_patterns",{'microservices_and_modularity'},"{'microservices_and_modularity', 'architecture_patterns'}",0.5,1.0
ADR_292,--- title: ADR028 - Migrate CF platform logs to Logit ---  # ADR028: Migrate CF platform logs to Log,observability,"observability, governance_and_process",{'observability'},"{'observability', 'governance_and_process'}",0.5,1.0
ADR_293,# Use SHA256 and Base64Url encoding for verifying json  * Status: proposed * Deciders: Leon Kiefer *,"security, technology_choice","security, api_and_contracts","{'technology_choice', 'security'}","{'api_and_contracts', 'security'}",0.33,0.5
ADR_294,# 8. Use launchaco.com to generate the logo for free  Date: 2019-02-09  ## Status  Accepted  ## Cont,others,design_and_branding,{'others'},{'design_and_branding'},0.0,0.0
ADR_295,# 21. We will put verified status inside json object  Date: 2017-08-16  ## Status  Accepted  ## Cont,api_and_contracts,api_and_contracts,{'api_and_contracts'},{'api_and_contracts'},1.0,1.0
ADR_296,# 4. Utilize Codox to Read Clojure/Script Sources  Date: 2018-01-14  ## Status  Accepted  Supercedes,technology_choice,technology_choice,{'technology_choice'},{'technology_choice'},1.0,1.0
ADR_297,# 2. Search More Like This  Date: 09/01/2019  ## Status  Investigation Complete  ## Context  *Intro ,others,"api_and_contracts, architecture_patterns",{'others'},"{'architecture_patterns', 'api_and_contracts'}",0.0,0.0
ADR_298,# ADR 009: Evidence Module  ## Changelog  - 2019 July 31: Initial draft - 2019 October 24: Initial i,architectural_patterns,"microservices_and_modularity, security, architecture_patterns",{'architectural_patterns'},"{'microservices_and_modularity', 'architecture_patterns', 'security'}",0.0,0.0
ADR_299,### Support autoscaling using Kubernetes  The pipeline can leverage certain Kubernetes features to s,"performance_and_scalability, technology_choice","infrastructure_and_deployment, performance_and_scalability","{'performance_and_scalability', 'technology_choice'}","{'performance_and_scalability', 'infrastructure_and_deployment'}",0.33,0.5
ADR_300,# Relationship between Storybook and DPE Client  - Status: accepted - Deciders: Alli and Eimi - Date,governance_and_process,"microservices_and_modularity, governance_and_process",{'governance_and_process'},"{'governance_and_process', 'microservices_and_modularity'}",0.5,1.0
